fragment_id,date_or_source,credibility,visibility,raw_text,implied_contradiction,linked_characters,trigger_event,notes
NAR-LORE-001-001,元历117年·巨神树伐木场年账,high,公开记录,「巨神树伐木场年账：基加斯西达北侧斧痕平均深度，本年与前三年登记无显著差异；树围、树冠高度与去岁秋测一致。全村天职在册伐木手未见缺员，例行记录完整，准予归档。」,账册声称无显著差异，但同册后页另夹有一张现场草记，写着北侧斧痕忽然加深。,尤吉欧,在巨神树伐木场核对年账后可触发；若带现场测量结果回查，账册数字对不上。,可反证——现场复测斧痕深度与年账登记不符，账册数据可被推翻。
NAR-LORE-001-002,元历117年·村务通告（水源）,high,公开记录,「村务通告：水渠冬季清淤已于前日完成。水源例行检测记录在案——入口井水澄澈、无异味、无沉淀，检测方法与历年相同，村民可放心取用，无需另行上报。」,通告称无异味，但同一份检测附表单日另记入口水样微涩。,赛尔卡,溪边或水渠调查时对照往年记录。,可反证——第二月水源复检若检出涩味，则通告失真。
NAR-LORE-001-003,元历115年·天职登记册,high,公开记录,「天职登记册：伐木手任期以伐木进度为准，届满须由村务长核验并更名。本村现役伐木手二人，前任一人已于上季退任。退任缘由：年事已高，准予告老。」,退任缘由写得简略，与前任伐木手实际离开村子的时间线对不上；页边另有疑点，见 NAR-LORE-001-014。,尤吉欧、加斯夫特,尤吉欧提及家族或前任伐木手时对照此册。,可反证——前任身份与去向可被口述与迁移记录反证。
NAR-LORE-001-004,元历112年·北境例行巡查报告（归档）,high,公开记录,「教会书库归档：北境例行巡查报告，自先年起始每年两报，格式固定。本报告确认北门外道路、路标、撤退点完好，未见异常，符合禁忌目录全部条目，建议继续维持现行封锁。」,报告纸张与墨迹比归档年份新，这份例行报告像是事后补写回档的。,加利塔、加斯夫特,书库阅读时留意纸张年代；对照墨迹深浅可查。,可反证——纸张测年与报告落款矛盾，报告补写痕迹明显。
NAR-LORE-001-005,元历110年·北境异常记录（孤本）,medium,公开记录,「北境异常记录（教会书库孤本）：鸟声消失现象，先年冬日记为一次，起因未明，未再更新。本卷为存世唯一记载，编号置顶，借阅须登记，请勿外传。」,孤本自称唯一记载，但同柜索引卡显示同题多卷曾被借出且未归还。,记录员,Day1 书库线索；对照索引卡后矛盾浮现。,可反证——若寻回被抽走的卷册，孤本唯一说被推翻。
NAR-LORE-001-006,元历109年·巨神树伐木工作手册,high,公开记录,「巨神树伐木工作手册：基加斯西达树皮外层为沉积层，属正常剥落，计入伐木量。树皮内侧浅色一层质地与木质不同，不属砍伐目标，伐木手不得越界处理，违者按村务规程记录在案。」,手册说内层不属砍伐目标，但旧版手册残页建议优先处理该层，两版相互矛盾。,尤吉欧,巨神树树皮调查时对照新旧两版手册。,可反证——树皮内侧采样结果与手册描述不符。
NAR-LORE-001-007,年代不明·北境边界记录第二页,medium,被涂改,「北境边界记录（第二页）：北门外侧〔墨渍覆盖三行〕……风停期间〔整句被刮去〕……。页尾仅余四字：不许记录。笔迹与正文不同。此页夹于第十四页与第十五页之间。」,被刮去的句子恰是 Day1 玩家在书库找到的那页内容，它被从别处抹掉后又出现在书里。,记录员、爱丽丝,Day1 书库「不该存在的北境记录」事件。,可反证——Day2 静默线现场对照后，涂改处所述现象可复现。
NAR-LORE-001-008,元历116年冬·水源记录（水渠段）,medium,被涂改,「水源记录（水渠段·冬）：去年〔数字被墨点涂去〕……井水清〔句尾被污渍盖住〕……。涂去处墨色深且新，明显晚于正文，非同一时期所写。」,被涂掉的数字与溪边老人记忆中的那个冬天对不上。,赛尔卡,溪边水源调查；比对老人口述（NAR-LORE-001-019）。,可反证——若在另一份抄本找到原数，涂改动机即暴露。
NAR-LORE-001-009,元历107年·伐木手任期簿,low,被涂改,「伐木手任期簿：前任伐木手〔姓名被刮去〕……任期〔此处书页被撕去一角〕……。撕口下方残留半个字，笔锋收向左上，似为：北。」,撕页处残留的北字，与前任已退的公开说法无法吻合。,尤吉欧,尤吉欧家族史调查时查验任期簿。,可反证——撕页下残留字与迁移登记（NAR-LORE-001-022）互相印证。
NAR-LORE-001-010,元历108年·教会日课抄录,unknown,被涂改,「教会日课抄录：晨祷〔字迹淡去〕……祈句〔被水渍浸没〕……。页角有一行字被反复描写多遍，墨痕重叠成深色团块，已看不清原文。」,被反复描写的那行不是祈句，而更像一处地名或人名。,爱丽丝,书库整理时发现；赛尔卡可协助辨读。,原文内容不明，但反复涂抹本身即是线索。
NAR-LORE-001-011,元历117年·巨神树伐木场标记板,medium,被涂改,「巨神树伐木场标记板：今日斧痕〔数字被改过两次，墨色深浅不一〕……树皮采样〔整行被划掉〕……。划掉的墨线与板面其余字迹深浅不同，像有人事后清除。」,被划掉的整行内容是树皮内侧见霜白结晶。,尤吉欧,树皮采样调查时发现标记板与采样记录不符。,可反证——现场重新采样可复现霜白结晶。
NAR-LORE-001-012,元历116年冬·北境观察日志（加利塔夜巡）,medium,被涂改,「北境观察日志（加利塔夜巡·冬）：风声断〔夜间字迹被反复涂黑〕……鸟未归……。涂黑处墨层至少三层，越往里越用力，几乎刮破纸面。」,加利塔上报的例行无异常与日志涂改内容矛盾，涂改者像是他自己。,加利塔,北门夜巡后核对；直接询问加利塔。,可反证——涂黑处可借光照辨读，反证其公开说法。
NAR-LORE-001-013,元历117年·水源检测册页边,low,矛盾旁注,「正文：卢利特村水源检测——入口井水澄澈，无异味，可安全饮用。／页边：去年冬天喝过那水的人家，后来都说是错觉。可那不是错觉。」,正文与页边对同一批井水的评价完全相反。,赛尔卡,溪边水源调查；对照 NAR-LORE-001-002 与 008。,可反证——后排水质记录若检出涩味，则正文失真、旁注为真。
NAR-LORE-001-014,元历115年·天职登记册页边,low,矛盾旁注,「正文：现役伐木手二人，前任一人已退，缘由年事已高。／页边：退了？村里谁见着他退的？我守北门十年，没见过他出村。页边笔迹粗，像赶时间写的。」,退任与没见他出村冲突，前任伐木手可能仍在村内某处。,加利塔、尤吉欧,伐木手任期调查；与 003、009 互相印证。,前任去向是核心悬念之一，留待后续章节收束。
NAR-LORE-001-015,元历116年·基加斯西达测量册页边,medium,矛盾旁注,「正文：基加斯西达树围与去年秋测一致，未见生长。／页边：入冬前我亲自量过一次，比秋测多了两指。两指！不可能记错。这行旁注的墨色比正文晚得多。」,正文称未见生长，页边称多了两指，巨神树可能在生长。,尤吉欧,巨神树树围复测。,可反证——现场复测即可定论。
NAR-LORE-001-016,元历112年·北境巡查报告页边,low,矛盾旁注,「正文：北境例行巡查未见异常，路标、撤退点完好。／页边：他们没走到听不见鸟的地方。走到那儿的人，都没回来写报告。页边字迹向外缘挤，像是贴着纸边写的。」,未见异常只是因为巡查从未走到静默线以内。,加利塔,北门巡查路线复核。,页边与 004 的事后补写疑点互相印证。
NAR-LORE-001-017,元历102年·爱丽丝村籍页边,low,矛盾旁注,「正文：爱丽丝，村长之女，幼年记录——六岁能背完整祈句，受洗当日记入村籍，当日天晴。／页边：那天没下雨？可我记事里，那年的受洗日在下雨。」,村籍说当日天晴，页边说在下雨，其中一份记错了日子或有意改过。,爱丽丝、赛尔卡,爱丽丝童年相关剧情；核对教会记事簿。,可反证——教会记事簿的天气栏与村籍记录互相矛盾。
NAR-LORE-001-018,元历110年·北境异常记录页边,low,矛盾旁注,「正文：鸟声消失现象，先年冬日记为一次，起因未明。／页边：第二次没敢记。第三次来的时候，村里会先知道。页边压在装订线上，不翻开看不见。」,孤本自称一次，页边声称已有第二次并预判第三次。,加利塔、赛尔卡,静默线复核；赛尔卡整理的传闻交叉验证。,可反证——若确证第二起记录存在，孤本与正文均失真。
NAR-LORE-001-019,口述转写·磨坊老人（赛尔卡转录）,low,口述转写,「口述转写（磨坊老人，转录者赛尔卡）：『水是村里最怪的东西。我爷爷说井水从来不坏，可有一年冬天，整个村子的水都是涩的，谁也不提，也不许提。』」,老人记忆中的冬天涩水没有对应官方记录，官方反而记录无异味。,赛尔卡,溪边水源调查时向老人求证。,可信度低但可与 002、008、013 互相印证，属可反证项。
NAR-LORE-001-020,口述转写·守夜老人（记录员转录）,low,口述转写,「口述转写（守夜老人，转录者记录员）：『巨神树不是砍不完，是不敢砍完。你问老一代，都知道树皮底下有东西。当年有人瞧见过，后来那人就调去北门守夜了。』」,树皮底下有东西与手册的沉积层正常冲突；调去北门守夜暗示惩罚而非轮换。,尤吉欧、加利塔,巨神树树皮调查；向守夜老人追问。,口述可信度低，但守夜老人身份与加利塔职务暗合。
NAR-LORE-001-021,口述转写·杂货铺老板娘（记录员转录）,low,口述转写,「口述转写（杂货铺老板娘，转录者记录员）：『北边那阵安静，比打雷还响。你听不见，才是听见了。我们家那口子去巡过一次，回来只说了一句话，就再也不肯提。』」,听不见才是听见暗示静默线不是没声音，而是声音被拿走了。,加利塔,广场听传闻时触发。,老板娘丈夫的下落可被调查反证。
NAR-LORE-001-022,口述转写·村口补鞋匠（记录员转录）,low,口述转写,「口述转写（村口补鞋匠，转录者记录员）：『尤吉欧他家，祖上不是本地人。太爷爷那辈从北边迁来，村里记的是收留，他家里记的是逃。』」,教会迁移登记记收留，家族口述记逃，尤吉欧家族与北境的关系存疑。,尤吉欧,尤吉欧家族史调查；对照 009 撕页残留的北字。,可反证——教会迁移登记与家族口述冲突，恰构成历史真相的两面。
NAR-LORE-001-023,口述转写·洗衣妇人（赛尔卡转录）,low,口述转写,「口述转写（洗衣妇人，转录者赛尔卡）：『爱丽丝小时候发过一次烧，烧了三天。醒过来说要去北边找什么东西，村长家说那是胡话。可她说的地名，现在没人认得。』」,幼年爱丽丝提及的北边某地与爱丽丝自己此后的记忆对不上。,爱丽丝、赛尔卡,爱丽丝相关剧情。,口述可信度低，可成为爱丽丝记忆缺口的伏笔。
NAR-LORE-001-024,口述转写·老猎户（记录员转录）,low,口述转写,「口述转写（老猎户，转录者记录员）：『你们说的静默线，老早就有。我年轻时跟着大人进过一次山，风一停，他们立刻往回跑。回来谁都不让说，连路标都换了位置。』」,老猎户说静默线老早就有，官方孤本却记为先年冬首次出现。,加利塔,森林静默线确认。,可反证——若孤本为真则老人记忆失真；若老人为真则孤本时间线失真。
